strategy,symbols,useful_ratio,oos_sharpe,bh_sharpe,oos_cagr,oos_max_dd,bh_max_dd,decay,trades
fmz_dca,13,0.5384615384615384,0.8219504952141213,0.6873235257523808,0.10211584665886453,-0.2520986703782252,-0.43061985990913765,-0.03947602359979496,57.0
fmz_kline_area,13,0.3076923076923077,0.6005883817257972,0.6873235257523808,0.0836486681669506,-0.31616012148424744,-0.43061985990913765,-0.1802711422249742,15.0
fmz_bb_dca,13,0.3076923076923077,0.31568985429333185,0.6873235257523808,0.03515609391603047,-0.26119182961808274,-0.43061985990913765,-0.26876538690642915,64.0
fmz_dual_thrust,13,0.23076923076923078,0.5852637322062145,0.6873235257523808,0.09943417604629956,-0.31727952537362114,-0.43061985990913765,-0.20110353056203056,21.0
fmz_box,13,0.23076923076923078,0.49543648461035517,0.6873235257523808,0.08221387407149194,-0.3483831369284097,-0.43061985990913765,-0.2837409267109895,14.0
fmz_psy,13,0.23076923076923078,0.37929810629401467,0.6873235257523808,0.07268337341337916,-0.4159762802209862,-0.43061985990913765,-0.298768830696015,7.0
fmz_zdzb,13,0.15384615384615385,0.5211693330068953,0.6873235257523808,0.0763734873862727,-0.3596035471965391,-0.43061985990913765,-0.04302958668137635,56.0
fmz_alligator,13,0.15384615384615385,0.5208193615100689,0.6873235257523808,0.07987308999290565,-0.3108077380982619,-0.43061985990913765,-0.24065633323288443,23.0
fmz_double_ema,13,0.15384615384615385,0.5179577657851548,0.6873235257523808,0.0762996423024036,-0.264519959886067,-0.43061985990913765,-0.032147798501837466,22.0
fmz_keltner,13,0.15384615384615385,0.4286759518452074,0.6873235257523808,0.0575061635775902,-0.32360433025797475,-0.43061985990913765,-0.3065425403921728,24.0
fmz_rsi2,13,0.15384615384615385,0.42027546067983734,0.6873235257523808,0.018349440279555873,-0.10050823789588859,-0.43061985990913765,-0.20577282903713726,39.0
fmz_bias,13,0.15384615384615385,0.30504183742227015,0.6873235257523808,0.02402955904803905,-0.2295734689399449,-0.43061985990913765,-0.38238901280855747,19.0
fmz_turtle,13,0.15384615384615385,0.28251959920028547,0.6873235257523808,0.035051034552255445,-0.328862711733501,-0.43061985990913765,-0.12231138685501308,24.0
fmz_shadow,13,0.15384615384615385,-0.044671163300793564,0.6873235257523808,-0.00708016667889666,-0.18968692127188258,-0.43061985990913765,-0.368197086858228,14.0
fmz_momentum,13,0.07692307692307693,0.5033478652663738,0.6873235257523808,0.07693573304420975,-0.3897398776854747,-0.43061985990913765,-0.27868196366491216,42.0
fmz_sar,13,0.07692307692307693,0.49440673850814887,0.6873235257523808,0.09120093759410786,-0.337052217559225,-0.43061985990913765,-0.01351639324199505,50.0
fmz_grid,13,0.07692307692307693,0.3523175480632353,0.6873235257523808,0.04439392446761192,-0.30388346366338104,-0.43061985990913765,-0.3111677220930437,568.0
fmz_vol_reversion,13,0.07692307692307693,0.06757000170033396,0.6873235257523808,-0.002023753788275684,-0.3030831047337802,-0.43061985990913765,-0.3591438695645393,67.0
fmz_emv,13,0.0,0.5250647931037143,0.6873235257523808,0.07385533778110087,-0.3826090791898481,-0.43061985990913765,-0.1477858336921768,34.0
fmz_pbx,13,0.0,0.35955719393483637,0.6873235257523808,0.031666045155022804,-0.26755664408404534,-0.43061985990913765,-0.17811884250716087,48.0
fmz_atr_channel,13,0.0,0.3418802490135252,0.6873235257523808,0.03724429381037675,-0.3649596130617917,-0.43061985990913765,-0.33874522893563275,32.0
fmz_thermostat,13,0.0,0.2921918257247006,0.6873235257523808,0.03849990118879165,-0.3346558019366086,-0.43061985990913765,-0.2501627138919375,81.0
fmz_range_break,13,0.0,0.2339549346015261,0.6873235257523808,0.020276069367572536,-0.3696635550172006,-0.43061985990913765,-0.11165920350507641,118.0
